<?xml version="1.0" encoding="ISO-8859-1"?><CONFIG_JAXE>
<LANGAGE>
<FICHIER_SCHEMA nom="OpenR66-Authent.xsd"/>
<RACINE element="authent"/>
</LANGAGE>

<MENUS>
<MENU nom="El�ments">
<MENU_INSERTION nom="keypath"/>
<MENU_INSERTION nom="keystorepass"/>
<MENU_INSERTION nom="keypass"/>
<MENU_INSERTION nom="trustkeypath"/>
<MENU_INSERTION nom="trustkeystorepass"/>
<MENU_INSERTION nom="admkeypath"/>
<MENU_INSERTION nom="admkeystorepass"/>
<MENU_INSERTION nom="admkeypass"/>
<MENU_INSERTION nom="authent"/>
<MENU_INSERTION nom="comment"/>
<MENU_INSERTION nom="entry"/>
<MENU_INSERTION nom="hostid"/>
<MENU_INSERTION nom="address"/>
<MENU_INSERTION nom="port"/>
<MENU_INSERTION nom="isssl"/>
<MENU_INSERTION nom="admin"/>
<MENU_INSERTION nom="isclient"/>
<MENU_INSERTION nom="isactive"/>
<MENU_INSERTION nom="isproxified"/>
<MENU_INSERTION nom="keyfile"/>
<MENU_INSERTION nom="key"/>
</MENU>
</MENUS>

<AFFICHAGE_NOEUDS>
<AFFICHAGE_ELEMENT type="typesimple" element="keypath"/>
<AFFICHAGE_ELEMENT type="typesimple" element="keystorepass"/>
<AFFICHAGE_ELEMENT type="typesimple" element="keypass"/>
<AFFICHAGE_ELEMENT type="typesimple" element="trustkeypath"/>
<AFFICHAGE_ELEMENT type="typesimple" element="trustkeystorepass"/>
<AFFICHAGE_ELEMENT type="typesimple" element="admkeypath"/>
<AFFICHAGE_ELEMENT type="typesimple" element="admkeystorepass"/>
<AFFICHAGE_ELEMENT type="typesimple" element="admkeypass"/>
<AFFICHAGE_ELEMENT type="division" element="authent"/>
<AFFICHAGE_ELEMENT type="typesimple" element="comment"/>
<AFFICHAGE_ELEMENT type="zone" element="entry"/>
<AFFICHAGE_ELEMENT type="typesimple" element="hostid"/>
<AFFICHAGE_ELEMENT type="typesimple" element="address"/>
<AFFICHAGE_ELEMENT type="typesimple" element="port"/>
<AFFICHAGE_ELEMENT type="typesimple" element="isssl"/>
<AFFICHAGE_ELEMENT type="typesimple" element="admin"/>
<AFFICHAGE_ELEMENT type="typesimple" element="isclient"/>
<AFFICHAGE_ELEMENT type="typesimple" element="isactive"/>
<AFFICHAGE_ELEMENT type="typesimple" element="isproxified"/>
<AFFICHAGE_ELEMENT type="typesimple" element="keyfile"/>
<AFFICHAGE_ELEMENT type="typesimple" element="key"/>
</AFFICHAGE_NOEUDS>

<STRINGS>
<DESCRIPTION_CONFIG>???</DESCRIPTION_CONFIG>
<STRINGS_ELEMENT element="keypath">
<TITRE>keypath</TITRE>
<DOCUMENTATION>JKS KeyStore for R66 Access in SSL Mode
						(containing Server Certificate)
					</DOCUMENTATION>
</STRINGS_ELEMENT>
<STRINGS_ELEMENT element="keystorepass">
<TITRE>keystorepass</TITRE>
<DOCUMENTATION>Password for the KeyStore</DOCUMENTATION>
</STRINGS_ELEMENT>
<STRINGS_ELEMENT element="keypass">
<TITRE>keypass</TITRE>
<DOCUMENTATION>Password for the Server Certificate within the
						KeyStore
					</DOCUMENTATION>
</STRINGS_ELEMENT>
<STRINGS_ELEMENT element="trustkeypath">
<TITRE>trustkeypath</TITRE>
<DOCUMENTATION>JKS Trust KeyStore for R66 Access in SSL Mode
						with Client Authentication (containing Client Certificate)
					</DOCUMENTATION>
</STRINGS_ELEMENT>
<STRINGS_ELEMENT element="trustkeystorepass">
<TITRE>trustkeystorepass</TITRE>
<DOCUMENTATION>Password for the Trust KeyStore
					</DOCUMENTATION>
</STRINGS_ELEMENT>
<STRINGS_ELEMENT element="admkeypath">
<TITRE>admkeypath</TITRE>
<DOCUMENTATION>JKS HTTP KeyStore for Administrator Access in
						HTTPS Mode (containing Server Certificate)
					</DOCUMENTATION>
</STRINGS_ELEMENT>
<STRINGS_ELEMENT element="admkeystorepass">
<TITRE>admkeystorepass</TITRE>
<DOCUMENTATION>Password for the HTTP KeyStore
					</DOCUMENTATION>
</STRINGS_ELEMENT>
<STRINGS_ELEMENT element="admkeypass">
<TITRE>admkeypass</TITRE>
<DOCUMENTATION>Password for the HTTP Server Certificate within
						the HTTP KeyStore
					</DOCUMENTATION>
</STRINGS_ELEMENT>
<STRINGS_ELEMENT element="authent">
<TITRE>authent</TITRE>
</STRINGS_ELEMENT>
<STRINGS_ELEMENT element="comment">
<TITRE>comment</TITRE>
</STRINGS_ELEMENT>
<STRINGS_ELEMENT element="entry">
<TITRE>entry</TITRE>
<DOCUMENTATION>Used to initialize remote Hosts table at setup or with client with no database support</DOCUMENTATION>
</STRINGS_ELEMENT>
<STRINGS_ELEMENT element="hostid">
<TITRE>hostid</TITRE>
<DOCUMENTATION>Host ID of remote Host</DOCUMENTATION>
</STRINGS_ELEMENT>
<STRINGS_ELEMENT element="address">
<TITRE>address</TITRE>
<DOCUMENTATION>Address of remote host (IP or DNS entry)</DOCUMENTATION>
</STRINGS_ELEMENT>
<STRINGS_ELEMENT element="port">
<TITRE>port</TITRE>
<DOCUMENTATION>Port associated with the Address of the remote Host</DOCUMENTATION>
</STRINGS_ELEMENT>
<STRINGS_ELEMENT element="isssl">
<TITRE>isssl</TITRE>
<DOCUMENTATION>True if this Address Entry is for SSL mode</DOCUMENTATION>
</STRINGS_ELEMENT>
<STRINGS_ELEMENT element="admin">
<TITRE>admin</TITRE>
<DOCUMENTATION>True if this Address Entry allows Admin access through R66 Protocol.
Note from version 2.4.9, it could be override if roles are specified on general configuration file.</DOCUMENTATION>
</STRINGS_ELEMENT>
<STRINGS_ELEMENT element="isclient">
<TITRE>isclient</TITRE>
<DOCUMENTATION>True if this Address Entry is for a Client</DOCUMENTATION>
</STRINGS_ELEMENT>
<STRINGS_ELEMENT element="isactive">
<TITRE>isactive</TITRE>
<DOCUMENTATION>True if this Address Entry is active (allowed)</DOCUMENTATION>
</STRINGS_ELEMENT>
<STRINGS_ELEMENT element="isproxified">
<TITRE>isproxified</TITRE>
<DOCUMENTATION>True if this Address Entry is proxified, meanning no IP check could be done</DOCUMENTATION>
</STRINGS_ELEMENT>
<STRINGS_ELEMENT element="keyfile">
<TITRE>keyfile</TITRE>
<DOCUMENTATION>GoldenGate Password File containing the password for this host</DOCUMENTATION>
</STRINGS_ELEMENT>
<STRINGS_ELEMENT element="key">
<TITRE>key</TITRE>
</STRINGS_ELEMENT>
</STRINGS>
</CONFIG_JAXE>
