<?xml version="1.0" encoding="UTF-8"?>
<config xmlns:x0="http://www.w3.org/2001/XMLSchema">
    <comment>Example of config file: change its as your need.</comment>
    <identity>
        <hostid>hosta</hostid>
        <sslhostid>hostas</sslhostid>
        <cryptokey>D:\GG\R66\certs\test-key.des</cryptokey>
        <authentfile>D:\GG\R66\conf\OpenR66-authent-A.xml</authentfile>
    </identity>
    <server>
        <serveradmin>monadmin</serveradmin>
        <serverpasswd>c5f4876737cf351a</serverpasswd>
        <usenossl>True</usenossl>
        <usessl>True</usessl>
        <usehttpcomp>False</usehttpcomp>
        <uselocalexec>False</uselocalexec>
        <httpadmin>D:\NEWSOURCE\GoldenGateR66\src\main\admin</httpadmin>
        <admkeypath>D:\GG\R66\certs\testsslnocert.jks</admkeypath>
        <admkeystorepass>testsslnocert</admkeystorepass>
        <admkeypass>testalias</admkeypass>
        <checkaddress>False</checkaddress>
        <checkclientaddress>False</checkclientaddress>
        <pastlimit>86400000</pastlimit>
        <minimaldelay>5000</minimaldelay>
        <snmpconfig>D:/GG/R66/conf/snmpconfig.xml</snmpconfig>
    </server>
    <network>
        <serverport>6666</serverport>
        <serversslport>6667</serversslport>
        <serverhttpport>8066</serverhttpport>
        <serverhttpsport>8067</serverhttpsport>
    </network>
    <ssl>
        <keypath>D:\GG\R66\certs\testsslnocert.jks</keypath>
        <keystorepass>testsslnocert</keystorepass>
        <keypass>testalias</keypass>
        <trustkeypath>D:\GG\R66\certs\testcert.jks</trustkeypath>
        <trustkeystorepass>testcert</trustkeystorepass>
        <trustuseclientauthenticate>True</trustuseclientauthenticate>
    </ssl>
    <directory>
        <serverhome>d:/GG/R66</serverhome>
        <in>in</in>
        <out>out</out>
        <arch>arch</arch>
        <work>work</work>
        <conf>conf</conf>
    </directory>
    <limit>
        <usefastmd5>True</usefastmd5>
        <nofastmd5>D:\NEWJARS\gglib\win32\MD5.dll</nofastmd5>
        <delayretry>10000</delayretry>
        <timeoutcon>10000</timeoutcon>
        <serverthread>8</serverthread>
        <clientthread>80</clientthread>
        <memorylimit>4000000000</memorylimit>
        <sessionlimit>8388608</sessionlimit>
        <globallimit>67108864</globallimit>
        <delaylimit>10000</delaylimit>
        <runlimit>10000</runlimit>
        <delaycommand>5000</delaycommand>
        <blocksize>65536</blocksize>
        <gaprestart>30</gaprestart>
        <usenio>False</usenio>
        <usecpulimit>False</usecpulimit>
        <usejdkcpulimit>False</usejdkcpulimit>
        <cpulimit>0.9</cpulimit>
        <connlimit>0</connlimit>
        <lowcpulimit>0.5</lowcpulimit>
        <highcpulimit>0.9</highcpulimit>
        <percentdecrease>0.25</percentdecrease>
        <delaythrottle>1000</delaythrottle>
        <limitlowbandwidth>4096</limitlowbandwidth>
    </limit>
    <db>
        <dbdriver>h2</dbdriver>
        <dbserver>jdbc:h2:D:/GG/R66/data/openr66;IFEXISTS=TRUE;MODE=Oracle;AUTO_SERVER=TRUE</dbserver>
        <dbuser>openr66</dbuser>
        <dbpasswd>openr66</dbpasswd>
    </db>
</config>
