<?xml version="1.0" encoding="UTF-8"?>
<config xmlns:x0="http://www.w3.org/2001/XMLSchema">
    <identity>
        <hostid>test</hostid>
        <sslhostid>tests</sslhostid>
        <cryptokey>J:\GG\R66\certs\test-key.des</cryptokey>
        <authentfile>J:\GG\R66\conf\OpenR66-authent-A-2.xml</authentfile>
    </identity>
    <client>
    </client>
    <ssl>
        <keypath>J:\GG\R66\certs\testsslnocert.jks</keypath>
        <keystorepass>testsslnocert</keystorepass>
        <keypass>testalias</keypass>
        <trustkeypath>J:\GG\R66\certs\testcert.jks</trustkeypath>
        <trustkeystorepass>testcert</trustkeystorepass>
        <trustuseclientauthenticate>False</trustuseclientauthenticate>
    </ssl>
	<directory>
        <serverhome>J:/GG/R66</serverhome>
        <in>in</in>
        <out>out</out>
        <arch>arch</arch>
        <work>work</work>
        <conf>conf</conf>
    </directory>
    <limit>
        <digest>4</digest>
        <usefastmd5>True</usefastmd5>
        <delayretry>10000</delayretry>
        <timeoutcon>10000</timeoutcon>
        <serverthread>10</serverthread>
        <clientthread>100</clientthread>
        <memorylimit>4000000000</memorylimit>
        <sessionlimit>0</sessionlimit>
        <globallimit>0</globallimit>
        <delaylimit>10000</delaylimit>
        <runlimit>10000</runlimit>
        <delaycommand>5000</delaycommand>
        <blocksize>65536</blocksize>
        <gaprestart>30</gaprestart>
        <usenio>False</usenio>
        <usecpulimit>False</usecpulimit>
        <usejdkcpulimit>False</usejdkcpulimit>
        <cpulimit>1.0</cpulimit>
        <connlimit>0</connlimit>
        <lowcpulimit>0.75</lowcpulimit>
        <highcpulimit>0.0</highcpulimit>
        <percentdecrease>0.05</percentdecrease>
        <delaythrottle>1000</delaythrottle>
        <limitlowbandwidth>10000000</limitlowbandwidth>
		<checkversion>True</checkversion>
    </limit>
	<business>
		<businessid>hosta</businessid>
		<businessid>hostas</businessid>
	</business>
    <spooleddaemon>
        <stopfile>J:\GG\R66\test\stopout.txt</stopfile>
		<logWarn>False</logWarn>
        <spooled>
            <name>direct1</name>
            <to>hostas</to>
            <rule>rulespooledx</rule>
            <statusfile>J:\GG\R66\test\statusoutdirect1.json</statusfile>
            <directory>J:\GG\R66\test\out\example\a1</directory>
            <regex>.*\.?ar$</regex>
            <recursive>True</recursive>
            <elapse>10000</elapse>
            <submit>False</submit>
            <parallel>True</parallel>
            <limitParallel>1</limitParallel>
            <info>a1</info>
            <waarp>hostas</waarp>
            <elapseWaarp>5000</elapseWaarp>
        </spooled>
        <spooled>
            <name>direct2</name>
            <to>hostas</to>
            <rule>rulespooledx</rule>
            <statusfile>J:\GG\R66\test\statusoutdirect2.json</statusfile>
            <directory>J:\GG\R66\test\out\example\a2</directory>
            <regex>.*\.?ar$</regex>
            <recursive>True</recursive>
            <elapse>10000</elapse>
            <submit>False</submit>
            <parallel>True</parallel>
            <limitParallel>1</limitParallel>
            <info>a2</info>
            <waarp>hostas</waarp>
            <elapseWaarp>5000</elapseWaarp>
        </spooled>
    </spooleddaemon>
</config>
