<?xml version="1.0" encoding="UTF-8"?>
<config xmlns:x0="http://www.w3.org/2001/XMLSchema">
    <comment>Example of config file: change its as your need.</comment>
    <identity>
        <hostid>hosta</hostid>
    </identity>
    <limit>
        <sessionlimit>0</sessionlimit>
        <globallimit>0</globallimit>
        <delaylimit>10000</delaylimit>
        <runlimit>10000</runlimit>
        <delaycommand>5000</delaycommand>
        <delayretry>30000</delayretry>
    </limit>
</config>
