<rule>
	<idrule>rule2</idrule>
	<hostids>
		<hostid>hosta</hostid>
		<hostid>hostb</hostid>
	</hostids>
	<mode>2</mode>
	<recvpath></recvpath>
	<sendpath></sendpath>
	<archivepath></archivepath>
	<workpath></workpath>
	<rpretasks>
		<tasks>
			<task>
				<type>LOG</type>
				<path>mon info</path>
				<delay>0</delay>
				<rank>0</rank>
			</task>
			<task>
				<type>LOG</type>
				<path>une autre info</path>
				<delay>0</delay>
				<rank>1</rank>
			</task>
		</tasks>
	</rpretasks>
	<rposttasks>
		<tasks>
			<task>
				<type>LOG</type>
				<path>test</path>
				<delay>0</delay>
				<rank>0</rank>
			</task>
			<taskno>
				<type>EXECRENAME</type>
				<path>D:/GG/R66/conf/montest.bat #TRUEFULLPATH# D:\GG\FTP\fredo\a\#TRANSFERID#_#ORIGINALFILENAME# #TRUEFILENAME# #ORIGINALFILENAME# #DATE# #HOUR# #REMOTEHOST# #LOCALHOST# #TRANSFERID# #RANKTRANSFER# #BLOCKSIZE#</path>
				<delay>20000</delay>
				<rank>0</rank>
			</taskno>
			<taskno>
				<type>COPYRENAME</type>
				<path>D:/GG/FTP/fredo/a/#DATE#_#HOUR#_#TRANSFERID#_#REMOTEHOST#_#LOCALHOST#_#ORIGINALFILENAME#_#TRUEFILENAME#_%s_%s</path>
				<delay>0</delay>
				<rank>0</rank>
			</taskno>
		</tasks>
	</rposttasks>
	<rerrortasks>
		<tasks>
			<task>
				<type>LOG</type>
				<path>erreur</path>
				<delay>1</delay>
				<rank>0</rank>
			</task>
		</tasks>
	</rerrortasks>
	<serrortasks>
		<tasks>
			<task>
				<type>LOG</type>
				<path>erreur</path>
				<delay>1</delay>
				<rank>0</rank>
			</task>
		</tasks>
	</serrortasks>
</rule>