<?xml version="1.0" encoding="UTF-8"?>
<config xmlns:x0="http://www.w3.org/2001/XMLSchema">
    <comment>Example of config file: change its as your need.</comment>
    <identity>
        <hostid>hosta</hostid>
        <sslhostid>hostas</sslhostid>
        <cryptokey>J:\GG\R66\certs\test-key.des</cryptokey>
        <authentfile>J:\GG\R66\conf\OpenR66-authent-A.xml</authentfile>
    </identity>
    <server>
        <serveradmin>monadmin</serveradmin>
        <noserverpasswd>c5f4876737cf351a</noserverpasswd>
        <serverpasswdfile>J:\GG\R66\certs\test-passwd-http.ggp</serverpasswdfile>
        <usenossl>True</usenossl>
        <usessl>True</usessl>
        <usehttpcomp>False</usehttpcomp>
        <uselocalexec>False</uselocalexec>
        <httpadmin>J:\GG\R66\admin2</httpadmin>
        <admkeypath>J:\GG\R66\certs\testsslnocert.jks</admkeypath>
        <admkeystorepass>testsslnocert</admkeystorepass>
        <admkeypass>testalias</admkeypass>
        <checkaddress>False</checkaddress>
        <checkclientaddress>False</checkclientaddress>
        <pastlimit>86400000</pastlimit>
        <minimaldelay>5000</minimaldelay>
        <snmpconfig>J:\GG\R66\conf\snmpconfig.xml</snmpconfig>
        <multiplemonitors>2</multiplemonitors>
    </server>
    <network>
        <serverport>6686</serverport>
        <serversslport>6687</serversslport>
        <serverhttpport>8086</serverhttpport>
        <serverhttpsport>8087</serverhttpsport>
    </network>
    <ssl>
        <keypath>J:\GG\R66\certs\testsslnocert.jks</keypath>
        <keystorepass>testsslnocert</keystorepass>
        <keypass>testalias</keypass>
        <trustkeypath>J:\GG\R66\certs\testcert.jks</trustkeypath>
        <trustkeystorepass>testcert</trustkeystorepass>
        <trustuseclientauthenticate>True</trustuseclientauthenticate>
    </ssl>
    <directory>
        <serverhome>J:/GG/R66</serverhome>
        <in>in</in>
        <out>out</out>
        <arch>arch</arch>
        <work>work</work>
        <conf>conf</conf>
    </directory>
    <limit>
        <digest>4</digest>
        <usefastmd5>True</usefastmd5>
        <delayretry>10000</delayretry>
        <timeoutcon>10000</timeoutcon>
        <serverthread>10</serverthread>
        <clientthread>50</clientthread>
        <memorylimit>4000000000</memorylimit>
        <sessionlimit>0</sessionlimit>
        <globallimit>0</globallimit>
        <delaylimit>10000</delaylimit>
        <runlimit>10000</runlimit>
        <delaycommand>5000</delaycommand>
        <blocksize>65536</blocksize>
        <gaprestart>30</gaprestart>
        <usenio>False</usenio>
        <usecpulimit>False</usecpulimit>
        <usejdkcpulimit>False</usejdkcpulimit>
        <cpulimit>0.9</cpulimit>
        <connlimit>0</connlimit>
        <lowcpulimit>0.5</lowcpulimit>
        <highcpulimit>0.9</highcpulimit>
        <percentdecrease>0.25</percentdecrease>
        <delaythrottle>1000</delaythrottle>
        <limitlowbandwidth>4096</limitlowbandwidth>
		<usethrift>4266</usethrift>
		<checkversion>True</checkversion>
    </limit>
    <db>
        <dbdriver>h2</dbdriver>
        <dbserver>jdbc:h2:J:/GG/R66/data/openr66;IFEXISTS=TRUE;MODE=Oracle;AUTO_SERVER=TRUE</dbserver>
        <dbuser>openr66</dbuser>
        <dbpasswd>openr66</dbpasswd>
    </db>
	<business>
		<businessid>hosta</businessid>
		<businessid>hostas</businessid>
	</business>
	<roles>
		<role>
			<roleid>hosta</roleid>
			<roleset>CONFIGADMIN|SYSTEM</roleset>
		</role>
		<role>
			<roleid>hostas</roleid>
			<roleset>FULLADMIN</roleset>
		</role>
		<role>
			<roleid>tests</roleid>
			<roleset>FULLADMIN</roleset>
		</role>
	</roles>
</config>
