<?xml version="1.0" encoding="ISO-8859-1"?><CONFIG_JAXE>
<LANGAGE>
<FICHIER_SCHEMA nom="OpenR66-Client.xsd"/>
<RACINE element="config"/>
</LANGAGE>

<MENUS>
<MENU nom="El�ments">
<MENU_INSERTION nom="keypath"/>
<MENU_INSERTION nom="keystorepass"/>
<MENU_INSERTION nom="keypass"/>
<MENU_INSERTION nom="trustkeypath"/>
<MENU_INSERTION nom="trustkeystorepass"/>
<MENU_INSERTION nom="admkeypath"/>
<MENU_INSERTION nom="admkeystorepass"/>
<MENU_INSERTION nom="admkeypass"/>
<MENU_INSERTION nom="hostid"/>
<MENU_INSERTION nom="sslhostid"/>
<MENU_INSERTION nom="cryptokey"/>
<MENU_INSERTION nom="authentfile"/>
<MENU_INSERTION nom="trustuseclientauthenticate"/>
<MENU_INSERTION nom="serverhome"/>
<MENU_INSERTION nom="in"/>
<MENU_INSERTION nom="out"/>
<MENU_INSERTION nom="arch"/>
<MENU_INSERTION nom="work"/>
<MENU_INSERTION nom="conf"/>
<MENU_INSERTION nom="serverthread"/>
<MENU_INSERTION nom="clientthread"/>
<MENU_INSERTION nom="memorylimit"/>
<MENU_INSERTION nom="sessionlimit"/>
<MENU_INSERTION nom="globallimit"/>
<MENU_INSERTION nom="delaylimit"/>
<MENU_INSERTION nom="runlimit"/>
<MENU_INSERTION nom="delaycommand"/>
<MENU_INSERTION nom="delayretry"/>
<MENU_INSERTION nom="timeoutcon"/>
<MENU_INSERTION nom="blocksize"/>
<MENU_INSERTION nom="gaprestart"/>
<MENU_INSERTION nom="usenio"/>
<MENU_INSERTION nom="usecpulimit"/>
<MENU_INSERTION nom="usejdkcpulimit"/>
<MENU_INSERTION nom="cpulimit"/>
<MENU_INSERTION nom="connlimit"/>
<MENU_INSERTION nom="lowcpulimit"/>
<MENU_INSERTION nom="highcpulimit"/>
<MENU_INSERTION nom="percentdecrease"/>
<MENU_INSERTION nom="delaythrottle"/>
<MENU_INSERTION nom="limitlowbandwidth"/>
<MENU_INSERTION nom="digest"/>
<MENU_INSERTION nom="usefastmd5"/>
<MENU_INSERTION nom="dbdriver"/>
<MENU_INSERTION nom="dbserver"/>
<MENU_INSERTION nom="dbuser"/>
<MENU_INSERTION nom="dbpasswd"/>
<MENU_INSERTION nom="businessids"/>
<MENU_INSERTION nom="config"/>
<MENU_INSERTION nom="comment"/>
<MENU_INSERTION nom="identity"/>
<MENU_INSERTION nom="client"/>
<MENU_INSERTION nom="taskrunnernodb"/>
<MENU_INSERTION nom="ssl"/>
<MENU_INSERTION nom="directory"/>
<MENU_INSERTION nom="limit"/>
<MENU_INSERTION nom="db"/>
<MENU_INSERTION nom="business"/>
</MENU>
</MENUS>

<AFFICHAGE_NOEUDS>
<AFFICHAGE_ELEMENT type="typesimple" element="keypath"/>
<AFFICHAGE_ELEMENT type="typesimple" element="keystorepass"/>
<AFFICHAGE_ELEMENT type="typesimple" element="keypass"/>
<AFFICHAGE_ELEMENT type="typesimple" element="trustkeypath"/>
<AFFICHAGE_ELEMENT type="typesimple" element="trustkeystorepass"/>
<AFFICHAGE_ELEMENT type="typesimple" element="admkeypath"/>
<AFFICHAGE_ELEMENT type="typesimple" element="admkeystorepass"/>
<AFFICHAGE_ELEMENT type="typesimple" element="admkeypass"/>
<AFFICHAGE_ELEMENT type="typesimple" element="hostid"/>
<AFFICHAGE_ELEMENT type="typesimple" element="sslhostid"/>
<AFFICHAGE_ELEMENT type="typesimple" element="cryptokey"/>
<AFFICHAGE_ELEMENT type="typesimple" element="authentfile"/>
<AFFICHAGE_ELEMENT type="typesimple" element="trustuseclientauthenticate"/>
<AFFICHAGE_ELEMENT type="typesimple" element="serverhome"/>
<AFFICHAGE_ELEMENT type="typesimple" element="in"/>
<AFFICHAGE_ELEMENT type="typesimple" element="out"/>
<AFFICHAGE_ELEMENT type="typesimple" element="arch"/>
<AFFICHAGE_ELEMENT type="typesimple" element="work"/>
<AFFICHAGE_ELEMENT type="typesimple" element="conf"/>
<AFFICHAGE_ELEMENT type="typesimple" element="serverthread"/>
<AFFICHAGE_ELEMENT type="typesimple" element="clientthread"/>
<AFFICHAGE_ELEMENT type="typesimple" element="memorylimit"/>
<AFFICHAGE_ELEMENT type="typesimple" element="sessionlimit"/>
<AFFICHAGE_ELEMENT type="typesimple" element="globallimit"/>
<AFFICHAGE_ELEMENT type="typesimple" element="delaylimit"/>
<AFFICHAGE_ELEMENT type="typesimple" element="runlimit"/>
<AFFICHAGE_ELEMENT type="typesimple" element="delaycommand"/>
<AFFICHAGE_ELEMENT type="typesimple" element="delayretry"/>
<AFFICHAGE_ELEMENT type="typesimple" element="timeoutcon"/>
<AFFICHAGE_ELEMENT type="typesimple" element="blocksize"/>
<AFFICHAGE_ELEMENT type="typesimple" element="gaprestart"/>
<AFFICHAGE_ELEMENT type="typesimple" element="usenio"/>
<AFFICHAGE_ELEMENT type="typesimple" element="usecpulimit"/>
<AFFICHAGE_ELEMENT type="typesimple" element="usejdkcpulimit"/>
<AFFICHAGE_ELEMENT type="typesimple" element="cpulimit"/>
<AFFICHAGE_ELEMENT type="typesimple" element="connlimit"/>
<AFFICHAGE_ELEMENT type="typesimple" element="lowcpulimit"/>
<AFFICHAGE_ELEMENT type="typesimple" element="highcpulimit"/>
<AFFICHAGE_ELEMENT type="typesimple" element="percentdecrease"/>
<AFFICHAGE_ELEMENT type="typesimple" element="delaythrottle"/>
<AFFICHAGE_ELEMENT type="typesimple" element="limitlowbandwidth"/>
<AFFICHAGE_ELEMENT type="typesimple" element="digest"/>
<AFFICHAGE_ELEMENT type="typesimple" element="usefastmd5"/>
<AFFICHAGE_ELEMENT type="typesimple" element="dbdriver"/>
<AFFICHAGE_ELEMENT type="typesimple" element="dbserver"/>
<AFFICHAGE_ELEMENT type="typesimple" element="dbuser"/>
<AFFICHAGE_ELEMENT type="typesimple" element="dbpasswd"/>
<AFFICHAGE_ELEMENT type="typesimple" element="businessids"/>
<AFFICHAGE_ELEMENT type="division" element="config"/>
<AFFICHAGE_ELEMENT type="typesimple" element="comment"/>
<AFFICHAGE_ELEMENT type="zone" element="identity"/>
<AFFICHAGE_ELEMENT type="zone" element="client"/>
<AFFICHAGE_ELEMENT type="typesimple" element="taskrunnernodb"/>
<AFFICHAGE_ELEMENT type="zone" element="ssl"/>
<AFFICHAGE_ELEMENT type="zone" element="directory"/>
<AFFICHAGE_ELEMENT type="zone" element="limit"/>
<AFFICHAGE_ELEMENT type="zone" element="db"/>
<AFFICHAGE_ELEMENT type="zone" element="business"/>
</AFFICHAGE_NOEUDS>

<STRINGS>
<DESCRIPTION_CONFIG>???</DESCRIPTION_CONFIG>
<STRINGS_ELEMENT element="keypath">
<TITRE>keypath</TITRE>
<DOCUMENTATION>JKS KeyStore for R66 Access in SSL Mode
						(containing Server Certificate)
					</DOCUMENTATION>
</STRINGS_ELEMENT>
<STRINGS_ELEMENT element="keystorepass">
<TITRE>keystorepass</TITRE>
<DOCUMENTATION>Password for the KeyStore</DOCUMENTATION>
</STRINGS_ELEMENT>
<STRINGS_ELEMENT element="keypass">
<TITRE>keypass</TITRE>
<DOCUMENTATION>Password for the Server Certificate within the
						KeyStore
					</DOCUMENTATION>
</STRINGS_ELEMENT>
<STRINGS_ELEMENT element="trustkeypath">
<TITRE>trustkeypath</TITRE>
<DOCUMENTATION>JKS Trust KeyStore for R66 Access in SSL Mode
						with Client Authentication (containing Client Certificate)
					</DOCUMENTATION>
</STRINGS_ELEMENT>
<STRINGS_ELEMENT element="trustkeystorepass">
<TITRE>trustkeystorepass</TITRE>
<DOCUMENTATION>Password for the Trust KeyStore
					</DOCUMENTATION>
</STRINGS_ELEMENT>
<STRINGS_ELEMENT element="admkeypath">
<TITRE>admkeypath</TITRE>
<DOCUMENTATION>JKS HTTP KeyStore for Administrator Access in
						HTTPS Mode (containing Server Certificate)
					</DOCUMENTATION>
</STRINGS_ELEMENT>
<STRINGS_ELEMENT element="admkeystorepass">
<TITRE>admkeystorepass</TITRE>
<DOCUMENTATION>Password for the HTTP KeyStore
					</DOCUMENTATION>
</STRINGS_ELEMENT>
<STRINGS_ELEMENT element="admkeypass">
<TITRE>admkeypass</TITRE>
<DOCUMENTATION>Password for the HTTP Server Certificate within
						the HTTP KeyStore
					</DOCUMENTATION>
</STRINGS_ELEMENT>
<STRINGS_ELEMENT element="hostid">
<TITRE>hostid</TITRE>
<DOCUMENTATION>
Host ID in NON SSL mode
                    </DOCUMENTATION>
</STRINGS_ELEMENT>
<STRINGS_ELEMENT element="sslhostid">
<TITRE>sslhostid</TITRE>
<DOCUMENTATION>
Host ID in SSL mode
                    </DOCUMENTATION>
</STRINGS_ELEMENT>
<STRINGS_ELEMENT element="cryptokey">
<TITRE>cryptokey</TITRE>
<DOCUMENTATION>
Des CryptoKey File containing the key in Des mode for R66 passwords
                    </DOCUMENTATION>
</STRINGS_ELEMENT>
<STRINGS_ELEMENT element="authentfile">
<TITRE>authentfile</TITRE>
<DOCUMENTATION>
Authentication File containing Authentications for partners
		                    </DOCUMENTATION>
</STRINGS_ELEMENT>
<STRINGS_ELEMENT element="trustuseclientauthenticate">
<TITRE>trustuseclientauthenticate</TITRE>
<DOCUMENTATION>
True if R66 will only allow client through SSL authentication
                    </DOCUMENTATION>
</STRINGS_ELEMENT>
<STRINGS_ELEMENT element="serverhome">
<TITRE>serverhome</TITRE>
<DOCUMENTATION>
Home Directory for the OpenR66 Server (relative path to this Home)
                    </DOCUMENTATION>
</STRINGS_ELEMENT>
<STRINGS_ELEMENT element="in">
<TITRE>in</TITRE>
<DOCUMENTATION>
Default Receive Directory
                    </DOCUMENTATION>
</STRINGS_ELEMENT>
<STRINGS_ELEMENT element="out">
<TITRE>out</TITRE>
<DOCUMENTATION>
Default Send Directory
                    </DOCUMENTATION>
</STRINGS_ELEMENT>
<STRINGS_ELEMENT element="arch">
<TITRE>arch</TITRE>
<DOCUMENTATION>
Default Archive Directory
                    </DOCUMENTATION>
</STRINGS_ELEMENT>
<STRINGS_ELEMENT element="work">
<TITRE>work</TITRE>
<DOCUMENTATION>
Default Working Directory
                    </DOCUMENTATION>
</STRINGS_ELEMENT>
<STRINGS_ELEMENT element="conf">
<TITRE>conf</TITRE>
<DOCUMENTATION>
Configuration Directory
                    </DOCUMENTATION>
</STRINGS_ELEMENT>
<STRINGS_ELEMENT element="serverthread">
<TITRE>serverthread</TITRE>
<DOCUMENTATION>
Number of Threads on Server side (=Number of Cores)
                    </DOCUMENTATION>
</STRINGS_ELEMENT>
<STRINGS_ELEMENT element="clientthread">
<TITRE>clientthread</TITRE>
<DOCUMENTATION>
Number of Threads on Client side (=10xServer)
                    </DOCUMENTATION>
</STRINGS_ELEMENT>
<STRINGS_ELEMENT element="memorylimit">
<TITRE>memorylimit</TITRE>
<DOCUMENTATION>
Memory Limit for R66 Server Java Process
                    </DOCUMENTATION>
</STRINGS_ELEMENT>
<STRINGS_ELEMENT element="sessionlimit">
<TITRE>sessionlimit</TITRE>
<DOCUMENTATION>
Bandwidth for one session (64Mb)
                    </DOCUMENTATION>
</STRINGS_ELEMENT>
<STRINGS_ELEMENT element="globallimit">
<TITRE>globallimit</TITRE>
<DOCUMENTATION>
Global Bandwidth (512Mb)
                    </DOCUMENTATION>
</STRINGS_ELEMENT>
<STRINGS_ELEMENT element="delaylimit">
<TITRE>delaylimit</TITRE>
<DOCUMENTATION>
Delay between 2 checks of Bandwidth (10s). The less this value, the better the bandwidth limitation is done. However take care to not give too low value
                    </DOCUMENTATION>
</STRINGS_ELEMENT>
<STRINGS_ELEMENT element="runlimit">
<TITRE>runlimit</TITRE>
<DOCUMENTATION>
Limit by batch of active transfers (10000)
                    </DOCUMENTATION>
</STRINGS_ELEMENT>
<STRINGS_ELEMENT element="delaycommand">
<TITRE>delaycommand</TITRE>
<DOCUMENTATION>
Delay between 2 execution of the Commander (5s)
                    </DOCUMENTATION>
</STRINGS_ELEMENT>
<STRINGS_ELEMENT element="delayretry">
<TITRE>delayretry</TITRE>
<DOCUMENTATION>
Delay between 2 attemps in case of error (30s)
                    </DOCUMENTATION>
</STRINGS_ELEMENT>
<STRINGS_ELEMENT element="timeoutcon">
<TITRE>timeoutcon</TITRE>
<DOCUMENTATION>
Delay before a Time Out occurs (30s)
                    </DOCUMENTATION>
</STRINGS_ELEMENT>
<STRINGS_ELEMENT element="blocksize">
<TITRE>blocksize</TITRE>
<DOCUMENTATION>
Block size (64Ko). A value between 8 KB to 16 MB is recommanded
                    </DOCUMENTATION>
</STRINGS_ELEMENT>
<STRINGS_ELEMENT element="gaprestart">
<TITRE>gaprestart</TITRE>
<DOCUMENTATION>
Gap to use when restarting a transfer as gap x blocksize
                    </DOCUMENTATION>
</STRINGS_ELEMENT>
<STRINGS_ELEMENT element="usenio">
<TITRE>usenio</TITRE>
<DOCUMENTATION>
Usage of NIO support for the files. According to the JDK, it can enhance the performances
                    </DOCUMENTATION>
</STRINGS_ELEMENT>
<STRINGS_ELEMENT element="usecpulimit">
<TITRE>usecpulimit</TITRE>
<DOCUMENTATION>
Usage of CPU Limitation when new request starts
                    </DOCUMENTATION>
</STRINGS_ELEMENT>
<STRINGS_ELEMENT element="usejdkcpulimit">
<TITRE>usejdkcpulimit</TITRE>
<DOCUMENTATION>
Usage of CPU limitation based on Native JDK support, else (False) on Java Sysmon library
                    </DOCUMENTATION>
</STRINGS_ELEMENT>
<STRINGS_ELEMENT element="cpulimit">
<TITRE>cpulimit</TITRE>
<DOCUMENTATION>
Limit of CPU usage in percentage from 0 to 1
                    </DOCUMENTATION>
</STRINGS_ELEMENT>
<STRINGS_ELEMENT element="connlimit">
<TITRE>connlimit</TITRE>
<DOCUMENTATION>
Limit of concurrent connections usage from 0
                    </DOCUMENTATION>
</STRINGS_ELEMENT>
<STRINGS_ELEMENT element="lowcpulimit">
<TITRE>lowcpulimit</TITRE>
<DOCUMENTATION>
Low Limit of CPU usage in percentage from 0 to 1
                    </DOCUMENTATION>
</STRINGS_ELEMENT>
<STRINGS_ELEMENT element="highcpulimit">
<TITRE>highcpulimit</TITRE>
<DOCUMENTATION>
High Limit of CPU usage in percentage from 0 to 1, 0 meaning no throttle activated
                    </DOCUMENTATION>
</STRINGS_ELEMENT>
<STRINGS_ELEMENT element="percentdecrease">
<TITRE>percentdecrease</TITRE>
<DOCUMENTATION>
Decrease/Increase of bandwidth when limits are reached in percentage from 0 to 1
                    </DOCUMENTATION>
</STRINGS_ELEMENT>
<STRINGS_ELEMENT element="delaythrottle">
<TITRE>delaythrottle</TITRE>
<DOCUMENTATION>
Delay in ms, minimal as 500ms, best around 1000ms
                    </DOCUMENTATION>
</STRINGS_ELEMENT>
<STRINGS_ELEMENT element="limitlowbandwidth">
<TITRE>limitlowbandwidth</TITRE>
<DOCUMENTATION>
Low Limit of Bandwidth when decreasing from 4096
                    </DOCUMENTATION>
</STRINGS_ELEMENT>
<STRINGS_ELEMENT element="digest">
<TITRE>digest</TITRE>
<DOCUMENTATION>
Digest to use: CRC32=0, ADLER32=1, MD5=2, MD2=3, SHA1=4, SHA256=5, SHA384=6, SHA512=7
                    </DOCUMENTATION>
</STRINGS_ELEMENT>
<STRINGS_ELEMENT element="usefastmd5">
<TITRE>usefastmd5</TITRE>
<DOCUMENTATION>
Usage of FastMD5 library. The library greatly improves the performances for the MD5 computations
                    </DOCUMENTATION>
</STRINGS_ELEMENT>
<STRINGS_ELEMENT element="dbdriver">
<TITRE>dbdriver</TITRE>
<DOCUMENTATION>
4 types of database are currently supported: oracle, mysql, postgresql, h2
                    </DOCUMENTATION>
</STRINGS_ELEMENT>
<STRINGS_ELEMENT element="dbserver">
<TITRE>dbserver</TITRE>
<DOCUMENTATION>
Connection to the database in JDBC mode (jdbc:type://[host:port]....). Use the database documentation to find the correct syntax for the JDBC connection
                    </DOCUMENTATION>
</STRINGS_ELEMENT>
<STRINGS_ELEMENT element="dbuser">
<TITRE>dbuser</TITRE>
<DOCUMENTATION>
Database User
                    </DOCUMENTATION>
</STRINGS_ELEMENT>
<STRINGS_ELEMENT element="dbpasswd">
<TITRE>dbpasswd</TITRE>
<DOCUMENTATION>
Database User's Password
                    </DOCUMENTATION>
</STRINGS_ELEMENT>
<STRINGS_ELEMENT element="businessids">
<TITRE>businessids</TITRE>
<DOCUMENTATION>
The host ids (1 by 1) that will be allow to use Business Requests (from version 2.3)
                    </DOCUMENTATION>
</STRINGS_ELEMENT>
<STRINGS_ELEMENT element="config">
<TITRE>config</TITRE>
</STRINGS_ELEMENT>
<STRINGS_ELEMENT element="comment">
<TITRE>comment</TITRE>
</STRINGS_ELEMENT>
<STRINGS_ELEMENT element="identity">
<TITRE>identity</TITRE>
</STRINGS_ELEMENT>
<STRINGS_ELEMENT element="client">
<TITRE>client</TITRE>
</STRINGS_ELEMENT>
<STRINGS_ELEMENT element="taskrunnernodb">
<TITRE>taskrunnernodb</TITRE>
<DOCUMENTATION>When client with no DB, do R66 will use XML files as permanent information on Transfer Tasks</DOCUMENTATION>
</STRINGS_ELEMENT>
<STRINGS_ELEMENT element="ssl">
<TITRE>ssl</TITRE>
</STRINGS_ELEMENT>
<STRINGS_ELEMENT element="directory">
<TITRE>directory</TITRE>
</STRINGS_ELEMENT>
<STRINGS_ELEMENT element="limit">
<TITRE>limit</TITRE>
</STRINGS_ELEMENT>
<STRINGS_ELEMENT element="db">
<TITRE>db</TITRE>
</STRINGS_ELEMENT>
<STRINGS_ELEMENT element="business">
<TITRE>business</TITRE>
</STRINGS_ELEMENT>
</STRINGS>
</CONFIG_JAXE>
