<?xml version="1.0" encoding="ISO-8859-1"?><CONFIG_JAXE>
<LANGAGE>
<FICHIER_SCHEMA nom="SnmpConfiguration.xsd"/>
<RACINE element="snmpconfig"/>
</LANGAGE>

<MENUS>
<MENU nom="El�ments">
<MENU_INSERTION nom="keypath"/>
<MENU_INSERTION nom="keystorepass"/>
<MENU_INSERTION nom="keypass"/>
<MENU_INSERTION nom="trustkeypath"/>
<MENU_INSERTION nom="trustkeystorepass"/>
<MENU_INSERTION nom="admkeypath"/>
<MENU_INSERTION nom="admkeystorepass"/>
<MENU_INSERTION nom="admkeypass"/>
<MENU_INSERTION nom="snmpconfig"/>
<MENU_INSERTION nom="comment"/>
<MENU_INSERTION nom="config"/>
<MENU_INSERTION nom="localaddress"/>
<MENU_INSERTION nom="nbthread"/>
<MENU_INSERTION nom="filtered"/>
<MENU_INSERTION nom="usetrap"/>
<MENU_INSERTION nom="trapinformlevel"/>
<MENU_INSERTION nom="targets"/>
<MENU_INSERTION nom="target"/>
<MENU_INSERTION nom="name"/>
<MENU_INSERTION nom="domain"/>
<MENU_INSERTION nom="address"/>
<MENU_INSERTION nom="timeout"/>
<MENU_INSERTION nom="retries"/>
<MENU_INSERTION nom="isv2"/>
<MENU_INSERTION nom="securities"/>
<MENU_INSERTION nom="security"/>
<MENU_INSERTION nom="securityname"/>
<MENU_INSERTION nom="securityauthprotocol"/>
<MENU_INSERTION nom="securityauthpass"/>
<MENU_INSERTION nom="securityprivprotocol"/>
<MENU_INSERTION nom="securityprivpass"/>
</MENU>
</MENUS>

<AFFICHAGE_NOEUDS>
<AFFICHAGE_ELEMENT type="typesimple" element="keypath"/>
<AFFICHAGE_ELEMENT type="typesimple" element="keystorepass"/>
<AFFICHAGE_ELEMENT type="typesimple" element="keypass"/>
<AFFICHAGE_ELEMENT type="typesimple" element="trustkeypath"/>
<AFFICHAGE_ELEMENT type="typesimple" element="trustkeystorepass"/>
<AFFICHAGE_ELEMENT type="typesimple" element="admkeypath"/>
<AFFICHAGE_ELEMENT type="typesimple" element="admkeystorepass"/>
<AFFICHAGE_ELEMENT type="typesimple" element="admkeypass"/>
<AFFICHAGE_ELEMENT type="division" element="snmpconfig"/>
<AFFICHAGE_ELEMENT type="typesimple" element="comment"/>
<AFFICHAGE_ELEMENT type="zone" element="config"/>
<AFFICHAGE_ELEMENT type="typesimple" element="localaddress"/>
<AFFICHAGE_ELEMENT type="typesimple" element="nbthread"/>
<AFFICHAGE_ELEMENT type="typesimple" element="filtered"/>
<AFFICHAGE_ELEMENT type="typesimple" element="usetrap"/>
<AFFICHAGE_ELEMENT type="typesimple" element="trapinformlevel"/>
<AFFICHAGE_ELEMENT type="zone" element="targets"/>
<AFFICHAGE_ELEMENT type="zone" element="target"/>
<AFFICHAGE_ELEMENT type="typesimple" element="name"/>
<AFFICHAGE_ELEMENT type="typesimple" element="domain"/>
<AFFICHAGE_ELEMENT type="typesimple" element="address"/>
<AFFICHAGE_ELEMENT type="typesimple" element="timeout"/>
<AFFICHAGE_ELEMENT type="typesimple" element="retries"/>
<AFFICHAGE_ELEMENT type="typesimple" element="isv2"/>
<AFFICHAGE_ELEMENT type="zone" element="securities"/>
<AFFICHAGE_ELEMENT type="zone" element="security"/>
<AFFICHAGE_ELEMENT type="typesimple" element="securityname"/>
<AFFICHAGE_ELEMENT type="typesimple" element="securityauthprotocol"/>
<AFFICHAGE_ELEMENT type="typesimple" element="securityauthpass"/>
<AFFICHAGE_ELEMENT type="typesimple" element="securityprivprotocol"/>
<AFFICHAGE_ELEMENT type="typesimple" element="securityprivpass"/>
</AFFICHAGE_NOEUDS>

<STRINGS>
<DESCRIPTION_CONFIG>???</DESCRIPTION_CONFIG>
<STRINGS_ELEMENT element="keypath">
<TITRE>keypath</TITRE>
<DOCUMENTATION>JKS KeyStore for R66 Access in SSL Mode
						(containing Server Certificate)
					</DOCUMENTATION>
</STRINGS_ELEMENT>
<STRINGS_ELEMENT element="keystorepass">
<TITRE>keystorepass</TITRE>
<DOCUMENTATION>Password for the KeyStore</DOCUMENTATION>
</STRINGS_ELEMENT>
<STRINGS_ELEMENT element="keypass">
<TITRE>keypass</TITRE>
<DOCUMENTATION>Password for the Server Certificate within the
						KeyStore
					</DOCUMENTATION>
</STRINGS_ELEMENT>
<STRINGS_ELEMENT element="trustkeypath">
<TITRE>trustkeypath</TITRE>
<DOCUMENTATION>JKS Trust KeyStore for R66 Access in SSL Mode
						with Client Authentication (containing Client Certificate)
					</DOCUMENTATION>
</STRINGS_ELEMENT>
<STRINGS_ELEMENT element="trustkeystorepass">
<TITRE>trustkeystorepass</TITRE>
<DOCUMENTATION>Password for the Trust KeyStore
					</DOCUMENTATION>
</STRINGS_ELEMENT>
<STRINGS_ELEMENT element="admkeypath">
<TITRE>admkeypath</TITRE>
<DOCUMENTATION>JKS HTTP KeyStore for Administrator Access in
						HTTPS Mode (containing Server Certificate)
					</DOCUMENTATION>
</STRINGS_ELEMENT>
<STRINGS_ELEMENT element="admkeystorepass">
<TITRE>admkeystorepass</TITRE>
<DOCUMENTATION>Password for the HTTP KeyStore
					</DOCUMENTATION>
</STRINGS_ELEMENT>
<STRINGS_ELEMENT element="admkeypass">
<TITRE>admkeypass</TITRE>
<DOCUMENTATION>Password for the HTTP Server Certificate within
						the HTTP KeyStore
					</DOCUMENTATION>
</STRINGS_ELEMENT>
<STRINGS_ELEMENT element="snmpconfig">
<TITRE>snmpconfig</TITRE>
</STRINGS_ELEMENT>
<STRINGS_ELEMENT element="comment">
<TITRE>comment</TITRE>
</STRINGS_ELEMENT>
<STRINGS_ELEMENT element="config">
<TITRE>config</TITRE>
</STRINGS_ELEMENT>
<STRINGS_ELEMENT element="localaddress">
<TITRE>localaddress</TITRE>
<DOCUMENTATION>Local Address to use as listen in format udp:address/port or tcp:address/port</DOCUMENTATION>
</STRINGS_ELEMENT>
<STRINGS_ELEMENT element="nbthread">
<TITRE>nbthread</TITRE>
<DOCUMENTATION>Number of threads to use (4)</DOCUMENTATION>
</STRINGS_ELEMENT>
<STRINGS_ELEMENT element="filtered">
<TITRE>filtered</TITRE>
<DOCUMENTATION>Enables or disables source address filtering for incoming SNMPv1 or SNMPv2c packets. By default source address filtering is disabled! If enabled, only messages received for community based security models are processed, that match an address in the snmpTargetAddressTable with the transport tag associated with the community used.</DOCUMENTATION>
</STRINGS_ELEMENT>
<STRINGS_ELEMENT element="usetrap">
<TITRE>usetrap</TITRE>
<DOCUMENTATION>Use Trap (True) or Inform (False) when generating push event</DOCUMENTATION>
</STRINGS_ELEMENT>
<STRINGS_ELEMENT element="trapinformlevel">
<TITRE>trapinformlevel</TITRE>
<DOCUMENTATION>Level of trap or inform event generated: 0 None 1 Start/Stop 2 Critical 3 Error 4 Every events in Warning 5 Every events</DOCUMENTATION>
</STRINGS_ELEMENT>
<STRINGS_ELEMENT element="targets">
<TITRE>targets</TITRE>
</STRINGS_ELEMENT>
<STRINGS_ELEMENT element="target">
<TITRE>target</TITRE>
</STRINGS_ELEMENT>
<STRINGS_ELEMENT element="name">
<TITRE>name</TITRE>
<DOCUMENTATION>Name To use as target</DOCUMENTATION>
</STRINGS_ELEMENT>
<STRINGS_ELEMENT element="domain">
<TITRE>domain</TITRE>
<DOCUMENTATION>1 Value between: UdpIpv4 UdpIpv6 UdpIpv4e UdpIpv6z TcpIpv4 TcpIpv6 TcpIpv4z TcpIpv6z
</DOCUMENTATION>
</STRINGS_ELEMENT>
<STRINGS_ELEMENT element="address">
<TITRE>address</TITRE>
<DOCUMENTATION>As address/port as 192.168.0.1/162</DOCUMENTATION>
</STRINGS_ELEMENT>
<STRINGS_ELEMENT element="timeout">
<TITRE>timeout</TITRE>
<DOCUMENTATION>Maximum delay to wait with an Inform mode event</DOCUMENTATION>
</STRINGS_ELEMENT>
<STRINGS_ELEMENT element="retries">
<TITRE>retries</TITRE>
<DOCUMENTATION>Number of retries once the Inform is sent and not acknowledged</DOCUMENTATION>
</STRINGS_ELEMENT>
<STRINGS_ELEMENT element="isv2">
<TITRE>isv2</TITRE>
<DOCUMENTATION>This entry is conformed with V2C or with V3 of SNMP</DOCUMENTATION>
</STRINGS_ELEMENT>
<STRINGS_ELEMENT element="securities">
<TITRE>securities</TITRE>
</STRINGS_ELEMENT>
<STRINGS_ELEMENT element="security">
<TITRE>security</TITRE>
</STRINGS_ELEMENT>
<STRINGS_ELEMENT element="securityname">
<TITRE>securityname</TITRE>
</STRINGS_ELEMENT>
<STRINGS_ELEMENT element="securityauthprotocol">
<TITRE>securityauthprotocol</TITRE>
</STRINGS_ELEMENT>
<STRINGS_ELEMENT element="securityauthpass">
<TITRE>securityauthpass</TITRE>
</STRINGS_ELEMENT>
<STRINGS_ELEMENT element="securityprivprotocol">
<TITRE>securityprivprotocol</TITRE>
</STRINGS_ELEMENT>
<STRINGS_ELEMENT element="securityprivpass">
<TITRE>securityprivpass</TITRE>
</STRINGS_ELEMENT>
</STRINGS>
</CONFIG_JAXE>
