<?xml version="1.0" encoding="UTF-8"?>
<config xmlns:x0="http://www.w3.org/2001/XMLSchema">
    <comment>Example of config file: change its as your need.</comment>
    <identity>
        <hostid>hosta</hostid>
        <sslhostid>hostas</sslhostid>
        <cryptokey>D:\GG\R66\certs\test-key.des</cryptokey>
        <authentfile>D:\GG\R66\conf\OpenR66-authent-A.xml</authentfile>
    </identity>
    <server>
        <serveradmin>monadmin</serveradmin>
        <serverpasswd>c5f4876737cf351a</serverpasswd>
        <usenossl>True</usenossl>
        <usessl>True</usessl>
        <httpadmin>J:\GG\R66\admin2</httpadmin>
        <admkeypath>D:\GG\R66\certs\testsslnocert.jks</admkeypath>
        <admkeystorepass>testsslnocert</admkeystorepass>
        <admkeypass>testalias</admkeypass>
    </server>
    <network>
        <serverport>6666</serverport>
        <serversslport>6667</serversslport>
        <serverhttpport>8066</serverhttpport>
        <serverhttpsport>8067</serverhttpsport>
    </network>
    <ssl>
        <keypath>D:\GG\R66\certs\testsslnocert.jks</keypath>
        <keystorepass>testsslnocert</keystorepass>
        <keypass>testalias</keypass>
        <trustkeypath>D:\GG\R66\certs\testcert.jks</trustkeypath>
        <trustkeystorepass>testcert</trustkeystorepass>
        <trustuseclientauthenticate>True</trustuseclientauthenticate>
    </ssl>
    <directory>
        <serverhome>d:/GG/R66</serverhome>
        <in>in</in>
        <out>out</out>
        <arch>arch</arch>
        <work>work</work>
        <conf>conf</conf>
    </directory>
    <limit>
        <usefastmd5>True</usefastmd5>
        <digest>4</digest>
        <checkversion>True</checkversion>
    </limit>
    <db>
        <dbdriver>h2</dbdriver>
        <dbserver>jdbc:h2:D:/GG/R66/data/openr66;IFEXISTS=TRUE;MODE=Oracle;AUTO_SERVER=TRUE</dbserver>
        <dbuser>openr66</dbuser>
        <dbpasswd>openr66</dbpasswd>
    </db>
</config>
