<configuration>

  <appender name="FILE"
    class="ch.qos.logback.core.rolling.RollingFileAppender">
    <file>/GG/R66/log/R66Server.log</file>
    <append>true</append>
    <rollingPolicy class="ch.qos.logback.core.rolling.TimeBasedRollingPolicy">
      <fileNamePattern>/GG/R66/log/R66Server.%d{yyyy-MM-dd}.%i.log.zip</fileNamePattern>
      <maxHistory>30</maxHistory>
      <timeBasedFileNamingAndTriggeringPolicy class="ch.qos.logback.core.rolling.SizeAndTimeBasedFNATP">
          <maxFileSize>10MB</maxFileSize>
      </timeBasedFileNamingAndTriggeringPolicy>
    </rollingPolicy>

    <encoder class="ch.qos.logback.classic.encoder.PatternLayoutEncoder">
      <pattern>
        %date{dd/MM/yyyy/HH:mm:ss.SSS} %level [%logger] [%thread] %msg%n
      </pattern>
    </encoder>
  </appender>

  <appender name="STDOUT"
    class="ch.qos.logback.core.ConsoleAppender">
    <encoder class="ch.qos.logback.classic.encoder.PatternLayoutEncoder">
      <Pattern>%date{dd/MM/yyyy/HH:mm:ss.SSS} %level [%logger] [%thread] %msg%n</Pattern>
    </encoder>
  </appender>
  
  <root>
    <level value="warn" />
    <appender-ref ref="FILE" />
    <appender-ref ref="STDOUT" />
  </root>
</configuration>
