<configuration>

  <appender name="FILE"
    class="ch.qos.logback.core.rolling.RollingFileAppender">
    <file>/appli/tower/R66/log/R66Client.log</file>
    <Append>true</Append>
    <BufferedIO>false</BufferedIO>
    <ImmediateFlush>true</ImmediateFlush>
    <rollingPolicy class="ch.qos.logback.core.rolling.TimeBasedRollingPolicy">
      <FileNamePattern>/appli/tower/R66/log/R66Client.%d{yyyy-MM-dd}.%i.log.zip</FileNamePattern>
      <MaxHistory>30</MaxHistory>
      <TimeBasedFileNamingAndTriggeringPolicy class="ch.qos.logback.core.rolling.SizeAndTimeBasedFNATP">
          <MaxFileSize>10MB</MaxFileSize>
      </TimeBasedFileNamingAndTriggeringPolicy>
    </rollingPolicy>

    <layout class="ch.qos.logback.classic.PatternLayout">
      <Pattern>
	%date{dd/MM/yyyy/HH:mm:ss.SSS} %level [%logger] [%thread] %msg%n
      </Pattern>
    </layout>
  </appender>

  <appender name="STDOUT"
    class="ch.qos.logback.core.ConsoleAppender">
    <ImmediateFlush>true</ImmediateFlush>
    <layout class="ch.qos.logback.classic.PatternLayout">
      <Pattern>%date{dd/MM/yyyy/HH:mm:ss.SSS} %level [%logger] [%thread] %msg%n</Pattern>
    </layout>
  </appender>

  
  <root>
    <level value="warn" />
    <appender-ref ref="FILE" />
    <appender-ref ref="STDOUT" />
  </root>
</configuration>
