<?xml version="1.0" encoding="ISO-8859-1"?><CONFIG_JAXE>
<LANGAGE>
<FICHIER_SCHEMA nom="OpenR66-Rule.xsd"/>
<RACINE element="rule"/>
</LANGAGE>

<MENUS>
<MENU nom="El�ments">
<MENU_INSERTION nom="keypath"/>
<MENU_INSERTION nom="keystorepass"/>
<MENU_INSERTION nom="keypass"/>
<MENU_INSERTION nom="trustkeypath"/>
<MENU_INSERTION nom="trustkeystorepass"/>
<MENU_INSERTION nom="admkeypath"/>
<MENU_INSERTION nom="admkeystorepass"/>
<MENU_INSERTION nom="admkeypass"/>
<MENU_INSERTION nom="tasks"/>
<MENU_INSERTION nom="task"/>
<MENU_INSERTION nom="type"/>
<MENU_INSERTION nom="path"/>
<MENU_INSERTION nom="delay"/>
<MENU_INSERTION nom="comment"/>
<MENU_INSERTION nom="idrule"/>
<MENU_INSERTION nom="hostids"/>
<MENU_INSERTION nom="hostid"/>
<MENU_INSERTION nom="mode"/>
<MENU_INSERTION nom="recvpath"/>
<MENU_INSERTION nom="sendpath"/>
<MENU_INSERTION nom="archivepath"/>
<MENU_INSERTION nom="workpath"/>
<MENU_INSERTION nom="rpretasks"/>
<MENU_INSERTION nom="rposttasks"/>
<MENU_INSERTION nom="rerrortasks"/>
<MENU_INSERTION nom="spretasks"/>
<MENU_INSERTION nom="sposttasks"/>
<MENU_INSERTION nom="serrortasks"/>
<MENU_INSERTION nom="rule"/>
</MENU>
</MENUS>

<AFFICHAGE_NOEUDS>
<AFFICHAGE_ELEMENT type="typesimple" element="keypath"/>
<AFFICHAGE_ELEMENT type="typesimple" element="keystorepass"/>
<AFFICHAGE_ELEMENT type="typesimple" element="keypass"/>
<AFFICHAGE_ELEMENT type="typesimple" element="trustkeypath"/>
<AFFICHAGE_ELEMENT type="typesimple" element="trustkeystorepass"/>
<AFFICHAGE_ELEMENT type="typesimple" element="admkeypath"/>
<AFFICHAGE_ELEMENT type="typesimple" element="admkeystorepass"/>
<AFFICHAGE_ELEMENT type="typesimple" element="admkeypass"/>
<AFFICHAGE_ELEMENT type="zone" element="tasks"/>
<AFFICHAGE_ELEMENT type="zone" element="task"/>
<AFFICHAGE_ELEMENT type="typesimple" element="type"/>
<AFFICHAGE_ELEMENT type="typesimple" element="path"/>
<AFFICHAGE_ELEMENT type="typesimple" element="delay"/>
<AFFICHAGE_ELEMENT type="typesimple" element="comment"/>
<AFFICHAGE_ELEMENT type="typesimple" element="idrule"/>
<AFFICHAGE_ELEMENT type="zone" element="hostids"/>
<AFFICHAGE_ELEMENT type="typesimple" element="hostid"/>
<AFFICHAGE_ELEMENT type="typesimple" element="mode"/>
<AFFICHAGE_ELEMENT type="typesimple" element="recvpath"/>
<AFFICHAGE_ELEMENT type="typesimple" element="sendpath"/>
<AFFICHAGE_ELEMENT type="typesimple" element="archivepath"/>
<AFFICHAGE_ELEMENT type="typesimple" element="workpath"/>
<AFFICHAGE_ELEMENT type="zone" element="rpretasks"/>
<AFFICHAGE_ELEMENT type="zone" element="rposttasks"/>
<AFFICHAGE_ELEMENT type="zone" element="rerrortasks"/>
<AFFICHAGE_ELEMENT type="zone" element="spretasks"/>
<AFFICHAGE_ELEMENT type="zone" element="sposttasks"/>
<AFFICHAGE_ELEMENT type="zone" element="serrortasks"/>
<AFFICHAGE_ELEMENT type="division" element="rule"/>
</AFFICHAGE_NOEUDS>

<STRINGS>
<DESCRIPTION_CONFIG>???</DESCRIPTION_CONFIG>
<STRINGS_ELEMENT element="keypath">
<TITRE>keypath</TITRE>
<DOCUMENTATION>JKS KeyStore for R66 Access in SSL Mode
						(containing Server Certificate)
					</DOCUMENTATION>
</STRINGS_ELEMENT>
<STRINGS_ELEMENT element="keystorepass">
<TITRE>keystorepass</TITRE>
<DOCUMENTATION>Password for the KeyStore</DOCUMENTATION>
</STRINGS_ELEMENT>
<STRINGS_ELEMENT element="keypass">
<TITRE>keypass</TITRE>
<DOCUMENTATION>Password for the Server Certificate within the
						KeyStore
					</DOCUMENTATION>
</STRINGS_ELEMENT>
<STRINGS_ELEMENT element="trustkeypath">
<TITRE>trustkeypath</TITRE>
<DOCUMENTATION>JKS Trust KeyStore for R66 Access in SSL Mode
						with Client Authentication (containing Client Certificate)
					</DOCUMENTATION>
</STRINGS_ELEMENT>
<STRINGS_ELEMENT element="trustkeystorepass">
<TITRE>trustkeystorepass</TITRE>
<DOCUMENTATION>Password for the Trust KeyStore
					</DOCUMENTATION>
</STRINGS_ELEMENT>
<STRINGS_ELEMENT element="admkeypath">
<TITRE>admkeypath</TITRE>
<DOCUMENTATION>JKS HTTP KeyStore for Administrator Access in
						HTTPS Mode (containing Server Certificate)
					</DOCUMENTATION>
</STRINGS_ELEMENT>
<STRINGS_ELEMENT element="admkeystorepass">
<TITRE>admkeystorepass</TITRE>
<DOCUMENTATION>Password for the HTTP KeyStore
					</DOCUMENTATION>
</STRINGS_ELEMENT>
<STRINGS_ELEMENT element="admkeypass">
<TITRE>admkeypass</TITRE>
<DOCUMENTATION>Password for the HTTP Server Certificate within
						the HTTP KeyStore
					</DOCUMENTATION>
</STRINGS_ELEMENT>
<STRINGS_ELEMENT element="tasks">
<TITRE>tasks</TITRE>
</STRINGS_ELEMENT>
<STRINGS_ELEMENT element="task">
<TITRE>task</TITRE>
</STRINGS_ELEMENT>
<STRINGS_ELEMENT element="type">
<TITRE>type</TITRE>
<DOCUMENTATION>
Type of Task: LOG, MOVE, MOVERENAME, COPY, COPYRENAME, EXEC, EXECMOVE, EXECOUTPUT, EXECJAVA, TRANSFER, VALIDFILEPATH, DELETE, LINKRENAME, RESCHEDULE, TAR, ZIP, TRANSCODE, SNMP
											</DOCUMENTATION>
</STRINGS_ELEMENT>
<STRINGS_ELEMENT element="path">
<TITRE>path</TITRE>
<DOCUMENTATION>Argument -often a path- applied to the task where substitution can occur like #TRUEFULLPATH#, #FILESIZE#, #RULE#, #DATE#, #TRANSFERID#, ..."</DOCUMENTATION>
</STRINGS_ELEMENT>
<STRINGS_ELEMENT element="delay">
<TITRE>delay</TITRE>
<DOCUMENTATION>Maximum delay for execution of the task in ms</DOCUMENTATION>
</STRINGS_ELEMENT>
<STRINGS_ELEMENT element="comment">
<TITRE>comment</TITRE>
</STRINGS_ELEMENT>
<STRINGS_ELEMENT element="idrule">
<TITRE>idrule</TITRE>
<DOCUMENTATION>Rule ID</DOCUMENTATION>
</STRINGS_ELEMENT>
<STRINGS_ELEMENT element="hostids">
<TITRE>hostids</TITRE>
<DOCUMENTATION>List of Host Ids allowed to use this rule. No Host Id means all allowed.</DOCUMENTATION>
</STRINGS_ELEMENT>
<STRINGS_ELEMENT element="hostid">
<TITRE>hostid</TITRE>
<DOCUMENTATION>Host ID allowed to use this rule</DOCUMENTATION>
</STRINGS_ELEMENT>
<STRINGS_ELEMENT element="mode">
<TITRE>mode</TITRE>
<DOCUMENTATION>1=SEND 2=RECV 3=SEND+MD5 4=RECV+MD5 5=SENDTHROUGHMODE 6=RECVTHROUGHMODE 7=SENDMD5THROUGHMODE 8=RECVMD5THROUGHMODE</DOCUMENTATION>
</STRINGS_ELEMENT>
<STRINGS_ELEMENT element="recvpath">
<TITRE>recvpath</TITRE>
<DOCUMENTATION>Default Receive Directory</DOCUMENTATION>
</STRINGS_ELEMENT>
<STRINGS_ELEMENT element="sendpath">
<TITRE>sendpath</TITRE>
<DOCUMENTATION>Default Send Directory</DOCUMENTATION>
</STRINGS_ELEMENT>
<STRINGS_ELEMENT element="archivepath">
<TITRE>archivepath</TITRE>
<DOCUMENTATION>Default Archive Directory</DOCUMENTATION>
</STRINGS_ELEMENT>
<STRINGS_ELEMENT element="workpath">
<TITRE>workpath</TITRE>
<DOCUMENTATION>Default Working Directory</DOCUMENTATION>
</STRINGS_ELEMENT>
<STRINGS_ELEMENT element="rpretasks">
<TITRE>rpretasks</TITRE>
<DOCUMENTATION>List of tasks -if any- to execute before transfer on receiver side</DOCUMENTATION>
</STRINGS_ELEMENT>
<STRINGS_ELEMENT element="rposttasks">
<TITRE>rposttasks</TITRE>
<DOCUMENTATION>List of tasks -if any- to execute after transfer on receiver side</DOCUMENTATION>
</STRINGS_ELEMENT>
<STRINGS_ELEMENT element="rerrortasks">
<TITRE>rerrortasks</TITRE>
<DOCUMENTATION>List of tasks -if any- to execute after an error on receiver side</DOCUMENTATION>
</STRINGS_ELEMENT>
<STRINGS_ELEMENT element="spretasks">
<TITRE>spretasks</TITRE>
<DOCUMENTATION>List of tasks -if any- to execute before transfer on sender side</DOCUMENTATION>
</STRINGS_ELEMENT>
<STRINGS_ELEMENT element="sposttasks">
<TITRE>sposttasks</TITRE>
<DOCUMENTATION>List of tasks -if any- to execute after transfer on sender side</DOCUMENTATION>
</STRINGS_ELEMENT>
<STRINGS_ELEMENT element="serrortasks">
<TITRE>serrortasks</TITRE>
<DOCUMENTATION>List of tasks -if any- to execute after an error on sender side</DOCUMENTATION>
</STRINGS_ELEMENT>
<STRINGS_ELEMENT element="rule">
<TITRE>rule</TITRE>
</STRINGS_ELEMENT>
</STRINGS>
</CONFIG_JAXE>
