<?xml version="1.0" encoding="UTF-8"?>
<snmpconfig xmlns:x0="http://www.w3.org/2001/XMLSchema">
    <config>
        <localaddress>udp:0.0.0.0/2001</localaddress>
        <localaddress>tcp:0.0.0.0/2002</localaddress>
        <nbthread>4</nbthread>
        <filtered>False</filtered>
        <usetrap>True</usetrap>
        <trapinformlevel>4</trapinformlevel>
    </config>
    <targets>
        <target>
            <name>notificationV2c</name>
            <domain>UdpIpv4</domain>
            <address>127.0.0.1/162</address>
            <timeout>200</timeout>
            <retries>1</retries>
            <isv2>True</isv2>
        </target>
        <target>
            <name>notificationV3</name>
            <domain>UdpIpv4</domain>
            <address>127.0.0.1/162</address>
            <timeout>200</timeout>
            <retries>1</retries>
            <isv2>False</isv2>
        </target>
    </targets>
    <securities>
        <security>
            <securityname>SHADES</securityname>
            <securityauthprotocol>SHA</securityauthprotocol>
            <securityauthpass>SHADESAuthPassword</securityauthpass>
            <securityprivprotocol>PDES</securityprivprotocol>
            <securityprivpass>SHADESPrivPassword</securityprivpass>
        </security>
        <security>
            <securityname>TEST</securityname>
            <securityauthprotocol>SHA</securityauthprotocol>
            <securityauthpass>maplesyrup</securityauthpass>
            <securityprivprotocol>PDES</securityprivprotocol>
            <securityprivpass>maplesyrup</securityprivpass>
        </security>
        <security>
            <securityname>SHA</securityname>
            <securityauthprotocol>SHA</securityauthprotocol>
            <securityauthpass>SHAAuthPassword</securityauthpass>
        </security>
        <security>
            <securityname>MD5DES</securityname>
            <securityauthprotocol>MD5</securityauthprotocol>
            <securityauthpass>MD5DESAuthPassword</securityauthpass>
            <securityprivprotocol>PDES</securityprivprotocol>
            <securityprivpass>MD5DESPrivPassword</securityprivpass>
        </security>
        <security>
            <securityname>SHAAES128</securityname>
            <securityauthprotocol>SHA</securityauthprotocol>
            <securityauthpass>SHAAES128AuthPassword</securityauthpass>
            <securityprivprotocol>PAES128</securityprivprotocol>
            <securityprivpass>SHAAES128PrivPassword</securityprivpass>
        </security>
        <security>
            <securityname>SHAAES192</securityname>
            <securityauthprotocol>SHA</securityauthprotocol>
            <securityauthpass>SHAAES192AuthPassword</securityauthpass>
            <securityprivprotocol>PAES192</securityprivprotocol>
            <securityprivpass>SHAAES192PrivPassword</securityprivpass>
        </security>
        <security>
            <securityname>SHAAES256</securityname>
            <securityauthprotocol>SHA</securityauthprotocol>
            <securityauthpass>SHAAES256AuthPassword</securityauthpass>
            <securityprivprotocol>PAES256</securityprivprotocol>
            <securityprivpass>SHAAES256PrivPassword</securityprivpass>
        </security>
        <security>
            <securityname>MD5AES128</securityname>
            <securityauthprotocol>MD5</securityauthprotocol>
            <securityauthpass>MD5AES128AuthPassword</securityauthpass>
            <securityprivprotocol>PAES128</securityprivprotocol>
            <securityprivpass>MD5AES128PrivPassword</securityprivpass>
        </security>
        <security>
            <securityname>MD5AES192</securityname>
            <securityauthprotocol>MD5</securityauthprotocol>
            <securityauthpass>MD5AES192AuthPassword</securityauthpass>
            <securityprivprotocol>PAES192</securityprivprotocol>
            <securityprivpass>MD5AES192PrivPassword</securityprivpass>
        </security>
        <security>
            <securityname>MD5AES256</securityname>
            <securityauthprotocol>MD5</securityauthprotocol>
            <securityauthpass>MD5AES256AuthPassword</securityauthpass>
            <securityprivprotocol>PAES256</securityprivprotocol>
            <securityprivpass>MD5AES256PrivPassword</securityprivpass>
        </security>
    </securities>
</snmpconfig>
