<?xml version="1.0" encoding="ISO-8859-1"?>

<rules>
  <rule>
    <idrule>rule4</idrule>
    <hostids/>
    <mode>2</mode>
    <recvpath>in</recvpath>
    <sendpath>out</sendpath>
    <archivepath>arch</archivepath>
    <workpath>work</workpath>
    <rpretasks>
      <tasks>
        <task>
          <type>LOG</type>
          <path>mon info pre recv</path>
          <delay>0</delay>
        </task>
        <task>
          <type>LOG</type>
          <path>une autre info</path>
          <delay>0</delay>
        </task>
      </tasks>
    </rpretasks>
    <rposttasks>
      <tasks>
        <task>
          <type>LOG</type>
          <path>mon info pre recv</path>
          <delay>0</delay>
        </task>
        <task>
          <type>LOG</type>
          <path>une autre info</path>
          <delay>0</delay>
        </task>
      </tasks>
    </rposttasks>
    <rerrortasks>
      <tasks>
        <task>
          <type>LOG</type>
          <path>erreur recv ##ERRORMSG##</path>
          <delay>1</delay>
        </task>
      </tasks>
    </rerrortasks>
    <spretasks>
      <tasks>
        <task>
          <type>LOG</type>
          <path>mon info pre send</path>
          <delay>0</delay>
        </task>
      </tasks>
    </spretasks>
    <sposttasks>
      <tasks>
        <task>
          <type>LOG</type>
          <path>test post send</path>
          <delay>0</delay>
        </task>
      </tasks>
    </sposttasks>
    <serrortasks>
      <tasks>
        <task>
          <type>LOG</type>
          <path>erreur send ##ERRORMSG##</path>
          <delay>1</delay>
        </task>
      </tasks>
    </serrortasks>
  </rule>
  <rule>
    <idrule>rule3</idrule>
    <hostids/>
    <mode>1</mode>
    <recvpath>in</recvpath>
    <sendpath>out</sendpath>
    <archivepath>arch</archivepath>
    <workpath>work</workpath>
    <rpretasks>
      <tasks>
        <task>
          <type>LOG</type>
          <path>mon info pre recv</path>
          <delay>0</delay>
        </task>
        <task>
          <type>LOG</type>
          <path>une autre info</path>
          <delay>0</delay>
        </task>
      </tasks>
    </rpretasks>
    <rposttasks>
      <tasks>
        <task>
          <type>LOG</type>
          <path>mon info pre recv</path>
          <delay>0</delay>
        </task>
        <task>
          <type>LOG</type>
          <path>-file #TRUEFULLPATH# -to 127.0.0.1 -port 21 -user fred -pwd fred2 -account a -digest sha1 -command put</path>
          <delay>0</delay>
        </task>
      </tasks>
    </rposttasks>
    <rerrortasks>
      <tasks>
        <task>
          <type>LOG</type>
          <path>erreur RECV ##ERRORMSG##</path>
          <delay>1</delay>
        </task>
      </tasks>
    </rerrortasks>
    <spretasks>
      <tasks>
        <task>
          <type>LOG</type>
          <path>mon info pre send</path>
          <delay>0</delay>
        </task>
      </tasks>
    </spretasks>
    <sposttasks>
      <tasks>
        <task>
          <type>LOG</type>
          <path>test post send</path>
          <delay>0</delay>
        </task>
      </tasks>
    </sposttasks>
    <serrortasks>
      <tasks>
        <task>
          <type>LOG</type>
          <path>erreur SEND ##ERRORMSG##</path>
          <delay>1</delay>
        </task>
      </tasks>
    </serrortasks>
  </rule>
</rules>
