<?xml version="1.0" encoding="ISO-8859-1"?>

<authent>
  <entry>
    <hostid>hostbs</hostid>
    <key>a5847a6ebb2eb5230554eb160326e7b1f53a193d9c6ee1b0</key>
    <admin>true</admin>
    <address>127.0.0.1</address>
    <port>6677</port>
    <isssl>true</isssl>
  </entry>
  <entry>
    <hostid>tests</hostid>
    <key>a5847a6ebb2eb5230554eb160326e7b1b59da443feab31e5</key>
    <admin>true</admin>
    <address>127.0.0.1</address>
    <port>6670</port>
    <isssl>true</isssl>
  </entry>
  <entry>
    <hostid>hostb</hostid>
    <key>a5847a6ebb2eb5230554eb160326e7b1f53a193d9c6ee1b0</key>
    <admin>false</admin>
    <address>127.0.0.1</address>
    <port>6676</port>
    <isssl>false</isssl>
  </entry>
  <entry>
    <hostid>test</hostid>
    <key>a5847a6ebb2eb5230554eb160326e7b1b59da443feab31e5</key>
    <admin>false</admin>
    <address>127.0.0.1</address>
    <port>6670</port>
    <isssl>false</isssl>
  </entry>
  <entry>
    <hostid>hostas</hostid>
    <key>a5847a6ebb2eb5230554eb160326e7b1893eecb714f52fc6</key>
    <admin>true</admin>
    <address>127.0.0.1</address>
    <port>6687</port>
    <isssl>true</isssl>
  </entry>
  <entry>
    <hostid>hosta</hostid>
    <key>a5847a6ebb2eb5230554eb160326e7b1893eecb714f52fc6</key>
    <admin>false</admin>
    <address>127.0.0.1</address>
    <port>6686</port>
    <isssl>false</isssl>
  </entry>
  <entry>
    <hostid>proxy</hostid>
    <key>90d61c4a9a55e7d0</key>
    <admin>false</admin>
    <address>127.0.0.1</address>
    <port>9986</port>
    <isssl>false</isssl>
  </entry>
  <entry>
    <hostid>proxy2</hostid>
    <key>90d61c4a9a55e7d0</key>
    <admin>false</admin>
    <address>127.0.0.1</address>
    <port>9988</port>
    <isssl>false</isssl>
  </entry>
  <entry>
    <hostid>proxys</hostid>
    <key>90d61c4a9a55e7d0</key>
    <admin>false</admin>
    <address>127.0.0.1</address>
    <port>9987</port>
    <isssl>true</isssl>
  </entry>
  <entry>
    <hostid>proxys2</hostid>
    <key>90d61c4a9a55e7d0</key>
    <admin>false</admin>
    <address>127.0.0.1</address>
    <port>9989</port>
    <isssl>true</isssl>
  </entry>
  <entry>
    <hostid>hostbsalias</hostid>
    <key>f867b20c2aa2c0163ba1fe457fc6e2bc893eecb714f52fc6</key>
    <admin>false</admin>
    <address>127.0.0.1</address>
    <port>6677</port>
    <isssl>true</isssl>
  </entry>
</authent>
