<?xml version="1.0" encoding="UTF-8"?>
<config xmlns:x0="http://www.w3.org/2001/XMLSchema">
    <identity>
        <hostid>hosta</hostid>
        <sslhostid>hostas</sslhostid>
        <cryptokey>D:\GG\R66\certs\test-key.des</cryptokey>
    </identity>
    <directory>
        <serverhome>D:\GG\R66</serverhome>
    </directory>
    <limit/>
    <db>
        <dbdriver>h2</dbdriver>
        <dbserver>jdbc:h2:D:/GG/R66/data/openr66;IFEXISTS=TRUE;MODE=Oracle;AUTO_SERVER=TRUE</dbserver>
        <dbuser>openr66</dbuser>
        <dbpasswd>openr66</dbpasswd>
    </db>
</config>
