<?xml version="1.0" encoding="ISO-8859-1"?><CONFIG_JAXE>
<LANGAGE>
<FICHIER_SCHEMA nom="OpenR66-Limit.xsd"/>
<RACINE element="config"/>
</LANGAGE>

<MENUS>
<MENU nom="El�ments">
<MENU_INSERTION nom="keypath"/>
<MENU_INSERTION nom="keystorepass"/>
<MENU_INSERTION nom="keypass"/>
<MENU_INSERTION nom="trustkeypath"/>
<MENU_INSERTION nom="trustkeystorepass"/>
<MENU_INSERTION nom="admkeypath"/>
<MENU_INSERTION nom="admkeystorepass"/>
<MENU_INSERTION nom="admkeypass"/>
<MENU_INSERTION nom="config"/>
<MENU_INSERTION nom="comment"/>
<MENU_INSERTION nom="identity"/>
<MENU_INSERTION nom="hostid"/>
<MENU_INSERTION nom="limit"/>
<MENU_INSERTION nom="sessionlimit"/>
<MENU_INSERTION nom="globallimit"/>
<MENU_INSERTION nom="delaylimit"/>
<MENU_INSERTION nom="runlimit"/>
<MENU_INSERTION nom="delaycommand"/>
<MENU_INSERTION nom="delayretry"/>
</MENU>
</MENUS>

<AFFICHAGE_NOEUDS>
<AFFICHAGE_ELEMENT type="typesimple" element="keypath"/>
<AFFICHAGE_ELEMENT type="typesimple" element="keystorepass"/>
<AFFICHAGE_ELEMENT type="typesimple" element="keypass"/>
<AFFICHAGE_ELEMENT type="typesimple" element="trustkeypath"/>
<AFFICHAGE_ELEMENT type="typesimple" element="trustkeystorepass"/>
<AFFICHAGE_ELEMENT type="typesimple" element="admkeypath"/>
<AFFICHAGE_ELEMENT type="typesimple" element="admkeystorepass"/>
<AFFICHAGE_ELEMENT type="typesimple" element="admkeypass"/>
<AFFICHAGE_ELEMENT type="division" element="config"/>
<AFFICHAGE_ELEMENT type="typesimple" element="comment"/>
<AFFICHAGE_ELEMENT type="zone" element="identity"/>
<AFFICHAGE_ELEMENT type="typesimple" element="hostid"/>
<AFFICHAGE_ELEMENT type="zone" element="limit"/>
<AFFICHAGE_ELEMENT type="typesimple" element="sessionlimit"/>
<AFFICHAGE_ELEMENT type="typesimple" element="globallimit"/>
<AFFICHAGE_ELEMENT type="typesimple" element="delaylimit"/>
<AFFICHAGE_ELEMENT type="typesimple" element="runlimit"/>
<AFFICHAGE_ELEMENT type="typesimple" element="delaycommand"/>
<AFFICHAGE_ELEMENT type="typesimple" element="delayretry"/>
</AFFICHAGE_NOEUDS>

<STRINGS>
<DESCRIPTION_CONFIG>???</DESCRIPTION_CONFIG>
<STRINGS_ELEMENT element="keypath">
<TITRE>keypath</TITRE>
<DOCUMENTATION>JKS KeyStore for R66 Access in SSL Mode
						(containing Server Certificate)
					</DOCUMENTATION>
</STRINGS_ELEMENT>
<STRINGS_ELEMENT element="keystorepass">
<TITRE>keystorepass</TITRE>
<DOCUMENTATION>Password for the KeyStore</DOCUMENTATION>
</STRINGS_ELEMENT>
<STRINGS_ELEMENT element="keypass">
<TITRE>keypass</TITRE>
<DOCUMENTATION>Password for the Server Certificate within the
						KeyStore
					</DOCUMENTATION>
</STRINGS_ELEMENT>
<STRINGS_ELEMENT element="trustkeypath">
<TITRE>trustkeypath</TITRE>
<DOCUMENTATION>JKS Trust KeyStore for R66 Access in SSL Mode
						with Client Authentication (containing Client Certificate)
					</DOCUMENTATION>
</STRINGS_ELEMENT>
<STRINGS_ELEMENT element="trustkeystorepass">
<TITRE>trustkeystorepass</TITRE>
<DOCUMENTATION>Password for the Trust KeyStore
					</DOCUMENTATION>
</STRINGS_ELEMENT>
<STRINGS_ELEMENT element="admkeypath">
<TITRE>admkeypath</TITRE>
<DOCUMENTATION>JKS HTTP KeyStore for Administrator Access in
						HTTPS Mode (containing Server Certificate)
					</DOCUMENTATION>
</STRINGS_ELEMENT>
<STRINGS_ELEMENT element="admkeystorepass">
<TITRE>admkeystorepass</TITRE>
<DOCUMENTATION>Password for the HTTP KeyStore
					</DOCUMENTATION>
</STRINGS_ELEMENT>
<STRINGS_ELEMENT element="admkeypass">
<TITRE>admkeypass</TITRE>
<DOCUMENTATION>Password for the HTTP Server Certificate within
						the HTTP KeyStore
					</DOCUMENTATION>
</STRINGS_ELEMENT>
<STRINGS_ELEMENT element="config">
<TITRE>config</TITRE>
</STRINGS_ELEMENT>
<STRINGS_ELEMENT element="comment">
<TITRE>comment</TITRE>
</STRINGS_ELEMENT>
<STRINGS_ELEMENT element="identity">
<TITRE>identity</TITRE>
</STRINGS_ELEMENT>
<STRINGS_ELEMENT element="hostid">
<TITRE>hostid</TITRE>
<DOCUMENTATION>Host ID in NON SSL mode</DOCUMENTATION>
</STRINGS_ELEMENT>
<STRINGS_ELEMENT element="limit">
<TITRE>limit</TITRE>
</STRINGS_ELEMENT>
<STRINGS_ELEMENT element="sessionlimit">
<TITRE>sessionlimit</TITRE>
<DOCUMENTATION>Bandwidth for one session (64Mb)</DOCUMENTATION>
</STRINGS_ELEMENT>
<STRINGS_ELEMENT element="globallimit">
<TITRE>globallimit</TITRE>
<DOCUMENTATION>Global Bandwidth (512Mb)</DOCUMENTATION>
</STRINGS_ELEMENT>
<STRINGS_ELEMENT element="delaylimit">
<TITRE>delaylimit</TITRE>
<DOCUMENTATION>Delay between 2 checks of Bandwidth (10s). The less this value, the better the bandwidth limitation is done. However take care to not give too low value</DOCUMENTATION>
</STRINGS_ELEMENT>
<STRINGS_ELEMENT element="runlimit">
<TITRE>runlimit</TITRE>
<DOCUMENTATION>Limit by batch of active transfers (10000)</DOCUMENTATION>
</STRINGS_ELEMENT>
<STRINGS_ELEMENT element="delaycommand">
<TITRE>delaycommand</TITRE>
<DOCUMENTATION>Delay between 2 execution of the Commander (5s)</DOCUMENTATION>
</STRINGS_ELEMENT>
<STRINGS_ELEMENT element="delayretry">
<TITRE>delayretry</TITRE>
<DOCUMENTATION>Delay between 2 attemps in case of error (30s)</DOCUMENTATION>
</STRINGS_ELEMENT>
</STRINGS>
</CONFIG_JAXE>
