<?xml version="1.0" encoding="ISO-8859-1"?><CONFIG_JAXE>
<LANGAGE>
<FICHIER_SCHEMA nom="OpenR66-SubmitClient.xsd"/>
<RACINE element="config"/>
</LANGAGE>

<MENUS>
<MENU nom="El�ments">
<MENU_INSERTION nom="keypath"/>
<MENU_INSERTION nom="keystorepass"/>
<MENU_INSERTION nom="keypass"/>
<MENU_INSERTION nom="trustkeypath"/>
<MENU_INSERTION nom="trustkeystorepass"/>
<MENU_INSERTION nom="admkeypath"/>
<MENU_INSERTION nom="admkeystorepass"/>
<MENU_INSERTION nom="admkeypass"/>
<MENU_INSERTION nom="hostid"/>
<MENU_INSERTION nom="sslhostid"/>
<MENU_INSERTION nom="cryptokey"/>
<MENU_INSERTION nom="serverhome"/>
<MENU_INSERTION nom="in"/>
<MENU_INSERTION nom="out"/>
<MENU_INSERTION nom="arch"/>
<MENU_INSERTION nom="work"/>
<MENU_INSERTION nom="conf"/>
<MENU_INSERTION nom="dbdriver"/>
<MENU_INSERTION nom="dbserver"/>
<MENU_INSERTION nom="dbuser"/>
<MENU_INSERTION nom="dbpasswd"/>
<MENU_INSERTION nom="config"/>
<MENU_INSERTION nom="comment"/>
<MENU_INSERTION nom="identity"/>
<MENU_INSERTION nom="directory"/>
<MENU_INSERTION nom="limit"/>
<MENU_INSERTION nom="blocksize"/>
<MENU_INSERTION nom="db"/>
</MENU>
</MENUS>

<AFFICHAGE_NOEUDS>
<AFFICHAGE_ELEMENT type="typesimple" element="keypath"/>
<AFFICHAGE_ELEMENT type="typesimple" element="keystorepass"/>
<AFFICHAGE_ELEMENT type="typesimple" element="keypass"/>
<AFFICHAGE_ELEMENT type="typesimple" element="trustkeypath"/>
<AFFICHAGE_ELEMENT type="typesimple" element="trustkeystorepass"/>
<AFFICHAGE_ELEMENT type="typesimple" element="admkeypath"/>
<AFFICHAGE_ELEMENT type="typesimple" element="admkeystorepass"/>
<AFFICHAGE_ELEMENT type="typesimple" element="admkeypass"/>
<AFFICHAGE_ELEMENT type="typesimple" element="hostid"/>
<AFFICHAGE_ELEMENT type="typesimple" element="sslhostid"/>
<AFFICHAGE_ELEMENT type="typesimple" element="cryptokey"/>
<AFFICHAGE_ELEMENT type="typesimple" element="serverhome"/>
<AFFICHAGE_ELEMENT type="typesimple" element="in"/>
<AFFICHAGE_ELEMENT type="typesimple" element="out"/>
<AFFICHAGE_ELEMENT type="typesimple" element="arch"/>
<AFFICHAGE_ELEMENT type="typesimple" element="work"/>
<AFFICHAGE_ELEMENT type="typesimple" element="conf"/>
<AFFICHAGE_ELEMENT type="typesimple" element="dbdriver"/>
<AFFICHAGE_ELEMENT type="typesimple" element="dbserver"/>
<AFFICHAGE_ELEMENT type="typesimple" element="dbuser"/>
<AFFICHAGE_ELEMENT type="typesimple" element="dbpasswd"/>
<AFFICHAGE_ELEMENT type="division" element="config"/>
<AFFICHAGE_ELEMENT type="typesimple" element="comment"/>
<AFFICHAGE_ELEMENT type="zone" element="identity"/>
<AFFICHAGE_ELEMENT type="zone" element="directory"/>
<AFFICHAGE_ELEMENT type="zone" element="limit"/>
<AFFICHAGE_ELEMENT type="typesimple" element="blocksize"/>
<AFFICHAGE_ELEMENT type="zone" element="db"/>
</AFFICHAGE_NOEUDS>

<STRINGS>
<DESCRIPTION_CONFIG>???</DESCRIPTION_CONFIG>
<STRINGS_ELEMENT element="keypath">
<TITRE>keypath</TITRE>
<DOCUMENTATION>JKS KeyStore for R66 Access in SSL Mode
						(containing Server Certificate)
					</DOCUMENTATION>
</STRINGS_ELEMENT>
<STRINGS_ELEMENT element="keystorepass">
<TITRE>keystorepass</TITRE>
<DOCUMENTATION>Password for the KeyStore</DOCUMENTATION>
</STRINGS_ELEMENT>
<STRINGS_ELEMENT element="keypass">
<TITRE>keypass</TITRE>
<DOCUMENTATION>Password for the Server Certificate within the
						KeyStore
					</DOCUMENTATION>
</STRINGS_ELEMENT>
<STRINGS_ELEMENT element="trustkeypath">
<TITRE>trustkeypath</TITRE>
<DOCUMENTATION>JKS Trust KeyStore for R66 Access in SSL Mode
						with Client Authentication (containing Client Certificate)
					</DOCUMENTATION>
</STRINGS_ELEMENT>
<STRINGS_ELEMENT element="trustkeystorepass">
<TITRE>trustkeystorepass</TITRE>
<DOCUMENTATION>Password for the Trust KeyStore
					</DOCUMENTATION>
</STRINGS_ELEMENT>
<STRINGS_ELEMENT element="admkeypath">
<TITRE>admkeypath</TITRE>
<DOCUMENTATION>JKS HTTP KeyStore for Administrator Access in
						HTTPS Mode (containing Server Certificate)
					</DOCUMENTATION>
</STRINGS_ELEMENT>
<STRINGS_ELEMENT element="admkeystorepass">
<TITRE>admkeystorepass</TITRE>
<DOCUMENTATION>Password for the HTTP KeyStore
					</DOCUMENTATION>
</STRINGS_ELEMENT>
<STRINGS_ELEMENT element="admkeypass">
<TITRE>admkeypass</TITRE>
<DOCUMENTATION>Password for the HTTP Server Certificate within
						the HTTP KeyStore
					</DOCUMENTATION>
</STRINGS_ELEMENT>
<STRINGS_ELEMENT element="hostid">
<TITRE>hostid</TITRE>
<DOCUMENTATION>
Host ID in NON SSL mode
                    </DOCUMENTATION>
</STRINGS_ELEMENT>
<STRINGS_ELEMENT element="sslhostid">
<TITRE>sslhostid</TITRE>
<DOCUMENTATION>
Host ID in SSL mode
                    </DOCUMENTATION>
</STRINGS_ELEMENT>
<STRINGS_ELEMENT element="cryptokey">
<TITRE>cryptokey</TITRE>
<DOCUMENTATION>
Des CryptoKey File containing the key in Des mode for R66 passwords
                    </DOCUMENTATION>
</STRINGS_ELEMENT>
<STRINGS_ELEMENT element="serverhome">
<TITRE>serverhome</TITRE>
<DOCUMENTATION>
Home Directory for the OpenR66 Server (relative path to this Home)
                    </DOCUMENTATION>
</STRINGS_ELEMENT>
<STRINGS_ELEMENT element="in">
<TITRE>in</TITRE>
<DOCUMENTATION>
Default Receive Directory
                    </DOCUMENTATION>
</STRINGS_ELEMENT>
<STRINGS_ELEMENT element="out">
<TITRE>out</TITRE>
<DOCUMENTATION>
Default Send Directory
                    </DOCUMENTATION>
</STRINGS_ELEMENT>
<STRINGS_ELEMENT element="arch">
<TITRE>arch</TITRE>
<DOCUMENTATION>
Default Archive Directory
                    </DOCUMENTATION>
</STRINGS_ELEMENT>
<STRINGS_ELEMENT element="work">
<TITRE>work</TITRE>
<DOCUMENTATION>
Default Working Directory
                    </DOCUMENTATION>
</STRINGS_ELEMENT>
<STRINGS_ELEMENT element="conf">
<TITRE>conf</TITRE>
<DOCUMENTATION>
Configuration Directory
                    </DOCUMENTATION>
</STRINGS_ELEMENT>
<STRINGS_ELEMENT element="dbdriver">
<TITRE>dbdriver</TITRE>
<DOCUMENTATION>
4 types of database are currently supported: oracle, mysql, postgresql, h2
                    </DOCUMENTATION>
</STRINGS_ELEMENT>
<STRINGS_ELEMENT element="dbserver">
<TITRE>dbserver</TITRE>
<DOCUMENTATION>
Connection to the database in JDBC mode (jdbc:type://[host:port]....). Use the database documentation to find the correct syntax for the JDBC connection
                    </DOCUMENTATION>
</STRINGS_ELEMENT>
<STRINGS_ELEMENT element="dbuser">
<TITRE>dbuser</TITRE>
<DOCUMENTATION>
Database User
                    </DOCUMENTATION>
</STRINGS_ELEMENT>
<STRINGS_ELEMENT element="dbpasswd">
<TITRE>dbpasswd</TITRE>
<DOCUMENTATION>
Database User's Password
                    </DOCUMENTATION>
</STRINGS_ELEMENT>
<STRINGS_ELEMENT element="config">
<TITRE>config</TITRE>
</STRINGS_ELEMENT>
<STRINGS_ELEMENT element="comment">
<TITRE>comment</TITRE>
</STRINGS_ELEMENT>
<STRINGS_ELEMENT element="identity">
<TITRE>identity</TITRE>
</STRINGS_ELEMENT>
<STRINGS_ELEMENT element="directory">
<TITRE>directory</TITRE>
</STRINGS_ELEMENT>
<STRINGS_ELEMENT element="limit">
<TITRE>limit</TITRE>
</STRINGS_ELEMENT>
<STRINGS_ELEMENT element="blocksize">
<TITRE>blocksize</TITRE>
<DOCUMENTATION>
Block size (64Ko). A value between 8 KB to 16 MB is recommanded
</DOCUMENTATION>
</STRINGS_ELEMENT>
<STRINGS_ELEMENT element="db">
<TITRE>db</TITRE>
</STRINGS_ELEMENT>
</STRINGS>
</CONFIG_JAXE>
